<?xml version="1.0" encoding="utf-8" standalone="yes"?><rss version="2.0" xmlns:atom="http://www.w3.org/2005/Atom"><channel><title>Searches on 新闻中心</title><link>https://PuffFelix.github.io/search/</link><description>Recent content in Searches on 新闻中心</description><generator>Hugo -- gohugo.io</generator><language>en-us</language><atom:link href="https://PuffFelix.github.io/search/index.xml" rel="self" type="application/rss+xml"/><item><title/><link>https://PuffFelix.github.io/search/placeholder/</link><pubDate>Mon, 01 Jan 0001 00:00:00 +0000</pubDate><guid>https://PuffFelix.github.io/search/placeholder/</guid><description/></item></channel></rss>