[{"author":null,"categories":null,"content":null,"date":1702944e3,"description":"","dir":"post/","excerpt_html":null,"excerpt_text":null,"expirydate":-62135596800,"fuzzywordcount":900,"html":null,"keywords":null,"kind":"page","lang":"en","lastmod":1702944e3,"objectID":"1f56c2caf9750607d65c7729e40d3e33","permalink":"https://alhaythem.github.io/post/v3/","publishdate":"2023-12-19T00:00:00Z","readingtime":2,"relpermalink":"/post/v3/","section":"post","summary":"模拟联合国_百度百科 模拟联合国 (Model United Nations)，简称模联(MUN)，是对联合国大会和其它多边机构的仿真学术模拟，是为青年人组织的公民教育","tags":null,"title":"模拟联合国","type":"post","url":"/post/v3/","weight":0,"wordcount":804},{"author":null,"categories":null,"content":null,"date":-62135596800,"description":"","dir":"search/","excerpt_html":null,"excerpt_text":null,"expirydate":-62135596800,"fuzzywordcount":100,"html":null,"keywords":null,"kind":"page","lang":"en","lastmod":-62135596800,"objectID":"8946788897930c0c0c39fbfcd30ff2e4","permalink":"https://alhaythem.github.io/search/placeholder/","publishdate":"0001-01-01T00:00:00Z","readingtime":0,"relpermalink":"/search/placeholder/","section":"search","summary":"","tags":null,"title":"","type":"search","url":"/search/placeholder/","weight":0,"wordcount":0},{"author":null,"categories":null,"content":"Archive of historical posts.","date":-62135596800,"description":"Archive of historical posts.","dir":"archive/","excerpt_html":"Archive of historical posts.","excerpt_text":"Archive of historical posts.","expirydate":-62135596800,"fuzzywordcount":100,"html":"Archive of historical posts.","keywords":null,"kind":"page","lang":"en","lastmod":-62135596800,"objectID":"a06e5ce9eca4c3260843078104889780","permalink":"https://alhaythem.github.io/archive/","publishdate":"0001-01-01T00:00:00Z","readingtime":0,"relpermalink":"/archive/","section":"","summary":"","tags":null,"title":"Posts Archive","type":"archive","url":"/archive/","weight":0,"wordcount":0},{"author":null,"categories":null,"content":null,"date":-62135596800,"description":"","dir":"about/","excerpt_html":null,"excerpt_text":null,"expirydate":-62135596800,"fuzzywordcount":100,"html":null,"keywords":null,"kind":"page","lang":"en","lastmod":-62135596800,"objectID":"8576ec274c98b3831668a172fa632d80","permalink":"https://alhaythem.github.io/about/","publishdate":"0001-01-01T00:00:00Z","readingtime":1,"relpermalink":"/about/","section":"","summary":"我们是最强新闻人","tags":null,"title":"关于我们","type":"page","url":"/about/","weight":0,"wordcount":8}]