[{"author":null,"categories":null,"content":null,"date":1699056e3,"description":"","dir":"post/","excerpt_html":null,"excerpt_text":null,"expirydate":-62135596800,"fuzzywordcount":100,"html":null,"keywords":null,"kind":"page","lang":"en","lastmod":1699056e3,"objectID":"67cd5664817e8ae2d8bd577d690b6b68","permalink":"https://PuffFelix.github.io/post/v2/","publishdate":"2023-11-04T00:00:00Z","readingtime":0,"relpermalink":"/post/v2/","section":"post","summary":"","tags":null,"title":"关注积石山县6.2级地震|“火焰蓝”在一线","type":"post","url":"/post/v2/","weight":0,"wordcount":0},{"author":null,"categories":null,"content":null,"date":1699056e3,"description":"","dir":"post/","excerpt_html":null,"excerpt_text":null,"expirydate":-62135596800,"fuzzywordcount":700,"html":null,"keywords":null,"kind":"page","lang":"en","lastmod":1699056e3,"objectID":"82f16f2ff4081ec0f8dbac3a375fcfd0","permalink":"https://PuffFelix.github.io/post/2/","publishdate":"2023-11-04T00:00:00Z","readingtime":2,"relpermalink":"/post/2/","section":"post","summary":"专家介绍—— 2023年以来，以ChatGPT为代表的“生成式人工智能”成为全球科技热点，它不仅影响着人类的生活和生产方式，还为各种行业的创新","tags":null,"title":"年度“十大新词语”出炉！你用过几个？","type":"post","url":"/post/2/","weight":0,"wordcount":648},{"author":null,"categories":null,"content":null,"date":1699056e3,"description":"","dir":"post/","excerpt_html":null,"excerpt_text":null,"expirydate":-62135596800,"fuzzywordcount":1e3,"html":null,"keywords":null,"kind":"page","lang":"en","lastmod":1699056e3,"objectID":"c00aac2d727e3577aa8783a282b9c600","permalink":"https://PuffFelix.github.io/post/3/","publishdate":"2023-11-04T00:00:00Z","readingtime":2,"relpermalink":"/post/3/","section":"post","summary":"40年代的石油工作者 [俄]安德烈 · 卡瓦利丘克 雕塑 52×20×30cm 2017年 2019年艺术家本人捐赠 《40年代的石油工作者》这件雕塑表现的","tags":null,"title":"建馆60年话馆藏｜40年代的石油工作者","type":"post","url":"/post/3/","weight":0,"wordcount":962},{"author":null,"categories":null,"content":null,"date":1699056e3,"description":"","dir":"post/","excerpt_html":null,"excerpt_text":null,"expirydate":-62135596800,"fuzzywordcount":100,"html":null,"keywords":null,"kind":"page","lang":"en","lastmod":1699056e3,"objectID":"cac3d9e637dd6e3577899232e142f079","permalink":"https://PuffFelix.github.io/post/v1/","publishdate":"2023-11-04T00:00:00Z","readingtime":0,"relpermalink":"/post/v1/","section":"post","summary":"","tags":null,"title":"敦煌 人类敦煌 心向往之，可歌可泣的莫高精神","type":"post","url":"/post/v1/","weight":0,"wordcount":0},{"author":null,"categories":null,"content":null,"date":1699056e3,"description":"","dir":"post/","excerpt_html":null,"excerpt_text":null,"expirydate":-62135596800,"fuzzywordcount":2600,"html":null,"keywords":null,"kind":"page","lang":"en","lastmod":1699056e3,"objectID":"1f8b393b415778b5c6b5dc9bceae84c0","permalink":"https://PuffFelix.github.io/post/4/","publishdate":"2023-11-04T00:00:00Z","readingtime":5,"relpermalink":"/post/4/","section":"post","summary":"当今时代，对于中国画最重要的影响是经济全球化语境下技术的精进和数字化带来的巨大冲击。随着社会的发展，新技术、新媒介的出现正在发生颠覆性的变革","tags":null,"title":"激发中国画当代表现的新潜能","type":"post","url":"/post/4/","weight":0,"wordcount":2504},{"author":null,"categories":null,"content":null,"date":1699056e3,"description":"","dir":"post/","excerpt_html":null,"excerpt_text":null,"expirydate":-62135596800,"fuzzywordcount":100,"html":null,"keywords":null,"kind":"page","lang":"en","lastmod":1699056e3,"objectID":"1f56c2caf9750607d65c7729e40d3e33","permalink":"https://PuffFelix.github.io/post/v3/","publishdate":"2023-11-04T00:00:00Z","readingtime":0,"relpermalink":"/post/v3/","section":"post","summary":"","tags":null,"title":"甘博新展，邂逅古籍","type":"post","url":"/post/v3/","weight":0,"wordcount":0},{"author":null,"categories":null,"content":null,"date":1699056e3,"description":"","dir":"post/","excerpt_html":null,"excerpt_text":null,"expirydate":-62135596800,"fuzzywordcount":600,"html":null,"keywords":null,"kind":"page","lang":"en","lastmod":1699056e3,"objectID":"8da81f2923fa7b2fda52e0b33861d4af","permalink":"https://PuffFelix.github.io/post/2023-12-15/","publishdate":"2023-11-04T00:00:00Z","readingtime":2,"relpermalink":"/post/2023-12-15/","section":"post","summary":"柬埔寨文化艺术部16日发布声明称，美国纽约大都会艺术博物馆将归还14件柬埔寨被盗文物，柬方对此举表示欢迎。 据纽约大都会博物馆的公告，本次归还","tags":null,"title":"美博物馆归还14件文物，柬首相：欢迎","type":"post","url":"/post/2023-12-15/","weight":0,"wordcount":510},{"author":null,"categories":null,"content":null,"date":-62135596800,"description":"","dir":"search/","excerpt_html":null,"excerpt_text":null,"expirydate":-62135596800,"fuzzywordcount":100,"html":null,"keywords":null,"kind":"page","lang":"en","lastmod":-62135596800,"objectID":"8946788897930c0c0c39fbfcd30ff2e4","permalink":"https://PuffFelix.github.io/search/placeholder/","publishdate":"0001-01-01T00:00:00Z","readingtime":0,"relpermalink":"/search/placeholder/","section":"search","summary":"","tags":null,"title":"","type":"search","url":"/search/placeholder/","weight":0,"wordcount":0},{"author":null,"categories":null,"content":"Archive of historical posts.","date":-62135596800,"description":"Archive of historical posts.","dir":"archive/","excerpt_html":"Archive of historical posts.","excerpt_text":"Archive of historical posts.","expirydate":-62135596800,"fuzzywordcount":100,"html":"Archive of historical posts.","keywords":null,"kind":"page","lang":"en","lastmod":-62135596800,"objectID":"a06e5ce9eca4c3260843078104889780","permalink":"https://PuffFelix.github.io/archive/","publishdate":"0001-01-01T00:00:00Z","readingtime":0,"relpermalink":"/archive/","section":"","summary":"","tags":null,"title":"Posts Archive","type":"archive","url":"/archive/","weight":0,"wordcount":0},{"author":null,"categories":null,"content":null,"date":-62135596800,"description":"","dir":"about/","excerpt_html":null,"excerpt_text":null,"expirydate":-62135596800,"fuzzywordcount":100,"html":null,"keywords":null,"kind":"page","lang":"en","lastmod":-62135596800,"objectID":"8576ec274c98b3831668a172fa632d80","permalink":"https://PuffFelix.github.io/about/","publishdate":"0001-01-01T00:00:00Z","readingtime":1,"relpermalink":"/about/","section":"","summary":"我们是永不分离小组！","tags":null,"title":"关于我们","type":"page","url":"/about/","weight":0,"wordcount":10}]