<?xml version="1.0" encoding="utf-8" standalone="yes"?><rss version="2.0" xmlns:atom="http://www.w3.org/2005/Atom"><channel><title>新闻中心</title><link>https://PuffFelix.github.io/</link><description>Recent content on 新闻中心</description><generator>Hugo -- gohugo.io</generator><language>en-us</language><lastBuildDate>Sat, 04 Nov 2023 00:00:00 +0000</lastBuildDate><atom:link href="https://PuffFelix.github.io/index.xml" rel="self" type="application/rss+xml"/><item><title>关注积石山县6.2级地震|“火焰蓝”在一线</title><link>https://PuffFelix.github.io/post/v2/</link><pubDate>Sat, 04 Nov 2023 00:00:00 +0000</pubDate><guid>https://PuffFelix.github.io/post/v2/</guid><description/></item><item><title>年度“十大新词语”出炉！你用过几个？</title><link>https://PuffFelix.github.io/post/2/</link><pubDate>Sat, 04 Nov 2023 00:00:00 +0000</pubDate><guid>https://PuffFelix.github.io/post/2/</guid><description>专家介绍—— 2023年以来，以ChatGPT为代表的“生成式人工智能”成为全球科技热点，它不仅影响着人类的生活和生产方式，还为各种行业的创新</description></item><item><title>建馆60年话馆藏｜40年代的石油工作者</title><link>https://PuffFelix.github.io/post/3/</link><pubDate>Sat, 04 Nov 2023 00:00:00 +0000</pubDate><guid>https://PuffFelix.github.io/post/3/</guid><description>40年代的石油工作者 [俄]安德烈 · 卡瓦利丘克 雕塑 52×20×30cm 2017年 2019年艺术家本人捐赠 《40年代的石油工作者》这件雕塑表现的</description></item><item><title>敦煌 人类敦煌 心向往之，可歌可泣的莫高精神</title><link>https://PuffFelix.github.io/post/v1/</link><pubDate>Sat, 04 Nov 2023 00:00:00 +0000</pubDate><guid>https://PuffFelix.github.io/post/v1/</guid><description/></item><item><title>激发中国画当代表现的新潜能</title><link>https://PuffFelix.github.io/post/4/</link><pubDate>Sat, 04 Nov 2023 00:00:00 +0000</pubDate><guid>https://PuffFelix.github.io/post/4/</guid><description>当今时代，对于中国画最重要的影响是经济全球化语境下技术的精进和数字化带来的巨大冲击。随着社会的发展，新技术、新媒介的出现正在发生颠覆性的变革</description></item><item><title>甘博新展，邂逅古籍</title><link>https://PuffFelix.github.io/post/v3/</link><pubDate>Sat, 04 Nov 2023 00:00:00 +0000</pubDate><guid>https://PuffFelix.github.io/post/v3/</guid><description/></item><item><title>美博物馆归还14件文物，柬首相：欢迎</title><link>https://PuffFelix.github.io/post/2023-12-15/</link><pubDate>Sat, 04 Nov 2023 00:00:00 +0000</pubDate><guid>https://PuffFelix.github.io/post/2023-12-15/</guid><description>柬埔寨文化艺术部16日发布声明称，美国纽约大都会艺术博物馆将归还14件柬埔寨被盗文物，柬方对此举表示欢迎。 据纽约大都会博物馆的公告，本次归还</description></item><item><title/><link>https://PuffFelix.github.io/search/placeholder/</link><pubDate>Mon, 01 Jan 0001 00:00:00 +0000</pubDate><guid>https://PuffFelix.github.io/search/placeholder/</guid><description/></item><item><title>Posts Archive</title><link>https://PuffFelix.github.io/archive/</link><pubDate>Mon, 01 Jan 0001 00:00:00 +0000</pubDate><guid>https://PuffFelix.github.io/archive/</guid><description/></item><item><title>关于我们</title><link>https://PuffFelix.github.io/about/</link><pubDate>Mon, 01 Jan 0001 00:00:00 +0000</pubDate><guid>https://PuffFelix.github.io/about/</guid><description>我们是永不分离小组！</description></item></channel></rss>