<?xml version="1.0" encoding="utf-8" standalone="yes"?><rss version="2.0" xmlns:atom="http://www.w3.org/2005/Atom"><channel><title>新闻中心</title><link>https://alhaythem.github.io/</link><description>Recent content on 新闻中心</description><generator>Hugo -- gohugo.io</generator><language>en-us</language><lastBuildDate>Tue, 19 Dec 2023 00:00:00 +0000</lastBuildDate><atom:link href="https://alhaythem.github.io/index.xml" rel="self" type="application/rss+xml"/><item><title>模拟联合国</title><link>https://alhaythem.github.io/post/v3/</link><pubDate>Tue, 19 Dec 2023 00:00:00 +0000</pubDate><guid>https://alhaythem.github.io/post/v3/</guid><description>模拟联合国_百度百科 模拟联合国 (Model United Nations)，简称模联(MUN)，是对联合国大会和其它多边机构的仿真学术模拟，是为青年人组织的公民教育</description></item><item><title/><link>https://alhaythem.github.io/search/placeholder/</link><pubDate>Mon, 01 Jan 0001 00:00:00 +0000</pubDate><guid>https://alhaythem.github.io/search/placeholder/</guid><description/></item><item><title>Posts Archive</title><link>https://alhaythem.github.io/archive/</link><pubDate>Mon, 01 Jan 0001 00:00:00 +0000</pubDate><guid>https://alhaythem.github.io/archive/</guid><description/></item><item><title>关于我们</title><link>https://alhaythem.github.io/about/</link><pubDate>Mon, 01 Jan 0001 00:00:00 +0000</pubDate><guid>https://alhaythem.github.io/about/</guid><description>我们是最强新闻人</description></item></channel></rss>