<?xml version="1.0" encoding="utf-8" standalone="yes"?><rss version="2.0" xmlns:atom="http://www.w3.org/2005/Atom"><channel><title>Posts on 新闻中心</title><link>https://alhaythem.github.io/post/</link><description>Recent content in Posts on 新闻中心</description><generator>Hugo -- gohugo.io</generator><language>en-us</language><lastBuildDate>Tue, 19 Dec 2023 00:00:00 +0000</lastBuildDate><atom:link href="https://alhaythem.github.io/post/index.xml" rel="self" type="application/rss+xml"/><item><title>模拟联合国</title><link>https://alhaythem.github.io/post/v3/</link><pubDate>Tue, 19 Dec 2023 00:00:00 +0000</pubDate><guid>https://alhaythem.github.io/post/v3/</guid><description>模拟联合国_百度百科 模拟联合国 (Model United Nations)，简称模联(MUN)，是对联合国大会和其它多边机构的仿真学术模拟，是为青年人组织的公民教育</description></item></channel></rss>